{"session":{"user":[{"firstname":"\u540d","lastname":"\u59d3","phone":"\u624b\u673a\u53f7","email":"\u7535\u5b50\u90ae\u7bb1"},{"firstname":"\u540d2","lastname":"\u59d32","phone":"\u624b\u673a\u53f72","email":"\u7535\u5b50\u90ae\u7bb12"}]},"request":{"PHPSESSID":"m0bj0b15fknu4pf8jaech2l5t6","ZDEDebuggerPresent":"php,phtml,php3"},"session2":{"user":[{"firstname":"\u540d","lastname":"\u59d3","phone":"\u624b\u673a\u53f7","email":"\u7535\u5b50\u90ae\u7bb1"},{"firstname":"\u540d2","lastname":"\u59d32","phone":"\u624b\u673a\u53f72","email":"\u7535\u5b50\u90ae\u7bb12"}]},"result":[{"firstname":"\u540d","lastname":"\u59d3","phone":"\u624b\u673a\u53f7","email":"\u7535\u5b50\u90ae\u7bb1"},{"firstname":"\u540d2","lastname":"\u59d32","phone":"\u624b\u673a\u53f72","email":"\u7535\u5b50\u90ae\u7bb12"}]}